what,kind,bundleId,bundleVersion,description,time
activated,perspective,org.eclipse.jst.j2ee.ui,,"org.eclipse.jst.j2ee.J2EEPerspective",1286584533698
started,bundle,org.eclipse.osgi,3.5.1.R35x_v20090827,"org.eclipse.osgi",1286584533699
started,bundle,org.eclipse.equinox.simpleconfigurator,1.0.101.R35x_v20090807-1100,"org.eclipse.equinox.simpleconfigurator",1286584533712
started,bundle,com.ibm.icu,4.0.1.v20090822,"com.ibm.icu",1286584533729
started,bundle,org.eclipse.compare,3.5.0.I20090514-0808,"org.eclipse.compare",1286584533761
started,bundle,org.eclipse.core.contenttype,3.4.1.R35x_v20090826-0451,"org.eclipse.core.contenttype",1286584533777
started,bundle,org.eclipse.core.databinding.observable,1.2.0.M20090902-0800,"org.eclipse.core.databinding.observable",1286584533802
started,bundle,org.eclipse.core.expressions,3.4.100.v20090429-1800,"org.eclipse.core.expressions",1286584533831
started,bundle,org.eclipse.core.filebuffers,3.5.0.v20090526-2000,"org.eclipse.core.filebuffers",1286584533840
started,bundle,org.eclipse.core.filesystem,1.2.0.v20090507,"org.eclipse.core.filesystem",1286584533857
started,bundle,org.eclipse.core.jobs,3.4.100.v20090429-1800,"org.eclipse.core.jobs",1286584533907
started,bundle,org.eclipse.core.net,1.2.1.r35x_20090812-1200,"org.eclipse.core.net",1286584533920
started,bundle,org.eclipse.core.resources,3.5.1.R35x_v20090826-0451,"org.eclipse.core.resources",1286584533942
started,bundle,org.eclipse.core.runtime,3.5.0.v20090525,"org.eclipse.core.runtime",1286584533956
started,bundle,org.eclipse.core.runtime.compatibility,3.2.0.v20090413,"org.eclipse.core.runtime.compatibility",1286584533986
started,bundle,org.eclipse.core.runtime.compatibility.auth,3.2.100.v20090413,"org.eclipse.core.runtime.compatibility.auth",1286584533990
started,bundle,org.eclipse.ecf,3.0.0.v20090831-1906,"org.eclipse.ecf",1286584534328
started,bundle,org.eclipse.ecf.filetransfer,3.0.0.v20090831-1906,"org.eclipse.ecf.filetransfer",1286584534341
started,bundle,org.eclipse.ecf.identity,3.0.0.v20090831-1906,"org.eclipse.ecf.identity",1286584534350
started,bundle,org.eclipse.ecf.provider.filetransfer,3.0.1.v20090831-1906,"org.eclipse.ecf.provider.filetransfer",1286584534360
started,bundle,org.eclipse.ecf.provider.filetransfer.httpclient,3.0.1.v20090831-1906,"org.eclipse.ecf.provider.filetransfer.httpclient",1286584534376
started,bundle,org.eclipse.emf.common,2.5.0.v200906151043,"org.eclipse.emf.common",1286584534376
started,bundle,org.eclipse.emf.common.ui,2.5.0.v200906151043,"org.eclipse.emf.common.ui",1286584534376
started,bundle,org.eclipse.emf.ecore,2.5.0.v200906151043,"org.eclipse.emf.ecore",1286584534376
started,bundle,org.eclipse.emf.ecore.xmi,2.5.0.v200906151043,"org.eclipse.emf.ecore.xmi",1286584534405
started,bundle,org.eclipse.emf.edit,2.5.0.v200906151043,"org.eclipse.emf.edit",1286584534405
started,bundle,org.eclipse.emf.edit.ui,2.5.0.v200906151043,"org.eclipse.emf.edit.ui",1286584534405
started,bundle,org.eclipse.equinox.app,1.2.0.v20090520-1800,"org.eclipse.equinox.app",1286584534408
started,bundle,org.eclipse.equinox.common,3.5.1.R35x_v20090807-1100,"org.eclipse.equinox.common",1286584534424
started,bundle,org.eclipse.equinox.ds,1.1.1.R35x_v20090806,"org.eclipse.equinox.ds",1286584534438
started,bundle,org.eclipse.equinox.frameworkadmin,1.0.100.v20090520-1905,"org.eclipse.equinox.frameworkadmin",1286584534463
started,bundle,org.eclipse.equinox.frameworkadmin.equinox,1.0.100.v20090520-1905,"org.eclipse.equinox.frameworkadmin.equinox",1286584534488
started,bundle,org.eclipse.equinox.p2.core,1.0.101.R35x_v20090819,"org.eclipse.equinox.p2.core",1286584534511
started,bundle,org.eclipse.equinox.p2.director,1.0.100.v20090520-1905,"org.eclipse.equinox.p2.director",1286584534533
started,bundle,org.eclipse.equinox.p2.directorywatcher,1.0.100.v20090525,"org.eclipse.equinox.p2.directorywatcher",1286584534562
started,bundle,org.eclipse.equinox.p2.engine,1.0.101.R35x_v20090825,"org.eclipse.equinox.p2.engine",1286584534576
started,bundle,org.eclipse.equinox.p2.exemplarysetup,1.0.100.v20090520-1905,"org.eclipse.equinox.p2.exemplarysetup",1286584534586
started,bundle,org.eclipse.equinox.p2.garbagecollector,1.0.100.v20090520-1905,"org.eclipse.equinox.p2.garbagecollector",1286584534612
started,bundle,org.eclipse.equinox.p2.metadata.repository,1.0.101.R35x_v20090812,"org.eclipse.equinox.p2.metadata.repository",1286584534642
started,bundle,org.eclipse.equinox.p2.reconciler.dropins,1.0.100.v20090520-1905,"org.eclipse.equinox.p2.reconciler.dropins",1286584534651
started,bundle,org.eclipse.equinox.p2.repository,1.0.1.v20090901-1041,"org.eclipse.equinox.p2.repository",1286584534666
started,bundle,org.eclipse.equinox.p2.ui.sdk.scheduler,1.0.0.v20090520-1905,"org.eclipse.equinox.p2.ui.sdk.scheduler",1286584534694
started,bundle,org.eclipse.equinox.p2.updatechecker,1.1.0.v20090520-1905,"org.eclipse.equinox.p2.updatechecker",1286584534718
started,bundle,org.eclipse.equinox.preferences,3.2.300.v20090520-1800,"org.eclipse.equinox.preferences",1286584534756
started,bundle,org.eclipse.equinox.registry,3.4.100.v20090520-1800,"org.eclipse.equinox.registry",1286584534772
started,bundle,org.eclipse.equinox.security,1.0.100.v20090520-1800,"org.eclipse.equinox.security",1286584534816
started,bundle,org.eclipse.equinox.simpleconfigurator.manipulator,1.0.100.v20090520-1905,"org.eclipse.equinox.simpleconfigurator.manipulator",1286584534842
started,bundle,org.eclipse.equinox.util,1.0.100.v20090520-1800,"org.eclipse.equinox.util",1286584534861
started,bundle,org.eclipse.help,3.4.1.v20090805_35x,"org.eclipse.help",1286584534887
started,bundle,org.eclipse.jdt.core.manipulation,1.3.0.v20090603,"org.eclipse.jdt.core.manipulation",1286584534912
started,bundle,org.eclipse.jface,3.5.1.M20090826-0800,"org.eclipse.jface",1286584534922
started,bundle,org.eclipse.jpt.core,2.2.1.v200908270220,"org.eclipse.jpt.core",1286584534957
started,bundle,org.eclipse.jpt.eclipselink.core,1.2.0.v200905310000,"org.eclipse.jpt.eclipselink.core",1286584534990
started,bundle,org.eclipse.jst.j2ee.webservice,1.1.300.v200901220600,"org.eclipse.jst.j2ee.webservice",1286584535022
started,bundle,org.eclipse.jst.j2ee.webservice.ui,1.1.300.v200902052230,"org.eclipse.jst.j2ee.webservice.ui",1286584535040
started,bundle,org.eclipse.ltk.core.refactoring,3.5.0.v20090513-2000,"org.eclipse.ltk.core.refactoring",1286584535056
started,bundle,org.eclipse.team.core,3.5.0.I20090527-0620,"org.eclipse.team.core",1286584535068
started,bundle,org.eclipse.team.ui,3.5.0.I20090430-0408,"org.eclipse.team.ui",1286584535096
started,bundle,org.eclipse.ui,3.5.1.M20090902-1000,"org.eclipse.ui",1286584535126
started,bundle,org.eclipse.ui.console,3.4.0.v20090513,"org.eclipse.ui.console",1286584535160
started,bundle,org.eclipse.ui.editors,3.5.0.v20090527-2000,"org.eclipse.ui.editors",1286584535182
started,bundle,org.eclipse.ui.forms,3.4.1.v20090714_35x,"org.eclipse.ui.forms",1286584535198
started,bundle,org.eclipse.ui.ide,3.5.1.M20090826-0800,"org.eclipse.ui.ide",1286584535250
started,bundle,org.eclipse.ui.intro,3.3.1.v20090805_35x,"org.eclipse.ui.intro",1286584535302
started,bundle,org.eclipse.ui.navigator,3.4.1.M20090911-1550,"org.eclipse.ui.navigator",1286584535310
started,bundle,org.eclipse.ui.navigator.resources,3.4.1.M20090826-0800,"org.eclipse.ui.navigator.resources",1286584535337
started,bundle,org.eclipse.ui.net,1.2.1.r35x_20090812-1200,"org.eclipse.ui.net",1286584535349
started,bundle,org.eclipse.ui.views,3.4.1.M20090826-0800,"org.eclipse.ui.views",1286584535362
started,bundle,org.eclipse.ui.workbench,3.5.1.M20090826-0800a,"org.eclipse.ui.workbench",1286584535375
started,bundle,org.eclipse.ui.workbench.texteditor,3.5.0.v20090603,"org.eclipse.ui.workbench.texteditor",1286584535398
started,bundle,org.eclipse.update.configurator,3.3.0.v20090312,"org.eclipse.update.configurator",1286584535424
started,bundle,org.eclipse.update.core,3.2.300.v20090525,"org.eclipse.update.core",1286584535452
started,bundle,org.eclipse.update.scheduler,3.2.200.v20081127,"org.eclipse.update.scheduler",1286584535477
started,bundle,org.eclipse.wst.common.emf,1.1.301.v200908181930,"org.eclipse.wst.common.emf",1286584535490
started,bundle,org.eclipse.wst.common.emfworkbench.integration,1.1.301.v200908101600,"org.eclipse.wst.common.emfworkbench.integration",1286584535509
started,bundle,org.eclipse.wst.common.frameworks,1.1.300.v200904160730,"org.eclipse.wst.common.frameworks",1286584535519
started,bundle,org.eclipse.wst.common.frameworks.ui,1.1.301.v200908101600,"org.eclipse.wst.common.frameworks.ui",1286584535528
started,bundle,org.eclipse.wst.jsdt.manipulation,1.0.100.v200809240707,"org.eclipse.wst.jsdt.manipulation",1286584535538
started,bundle,org.eclipse.wst.ws.service.policy.ui,1.0.102.v200903070248,"org.eclipse.wst.ws.service.policy.ui",1286584535563
started,bundle,org.eclipse.epp.usagedata.gathering,1.1.1.R201001291118,"org.eclipse.epp.usagedata.gathering",1286584535592
started,bundle,org.eclipse.epp.usagedata.recording,1.1.1.R201001291118,"org.eclipse.epp.usagedata.recording",1286584535617
started,bundle,org.eclipse.jdt.core,3.5.2.v_981_R35x,"org.eclipse.jdt.core",1286584535650
started,bundle,org.eclipse.jdt.ui,3.5.2.r352_v20100106-0800,"org.eclipse.jdt.ui",1286584535684
started,bundle,org.eclipse.jem,2.0.301.v201001252130,"org.eclipse.jem",1286584535734
started,bundle,org.eclipse.jem.util,2.0.201.v201001252130,"org.eclipse.jem.util",1286584535765
started,bundle,org.eclipse.jst.common.project.facet.core,1.4.1.v200911141836,"org.eclipse.jst.common.project.facet.core",1286584535765
started,bundle,org.eclipse.jst.j2ee,1.1.301.v201001272230,"org.eclipse.jst.j2ee",1286584535799
started,bundle,org.eclipse.jst.j2ee.core,1.1.301.v200911302230,"org.eclipse.jst.j2ee.core",1286584535809
started,bundle,org.eclipse.jst.j2ee.ui,1.1.301.v201001252130,"org.eclipse.jst.j2ee.ui",1286584535829
started,bundle,org.eclipse.jst.jee,1.0.201.v201002021055,"org.eclipse.jst.jee",1286584535853
started,bundle,org.eclipse.jst.jsf.common,1.1.9.v201001271707,"org.eclipse.jst.jsf.common",1286584535890
started,bundle,org.eclipse.jst.jsf.core,1.2.5.v201001271707,"org.eclipse.jst.jsf.core",1286584535933
started,bundle,org.eclipse.mylyn.bugzilla.core,3.4.0.v20100730-0100-e3x,"org.eclipse.mylyn.bugzilla.core",1286584535960
started,bundle,org.eclipse.mylyn.bugzilla.ui,3.4.0.v20100730-0100-e3x,"org.eclipse.mylyn.bugzilla.ui",1286584535972
started,bundle,org.eclipse.mylyn.commons.net,3.4.1.v20100625-2100-e3x,"org.eclipse.mylyn.commons.net",1286584535973
started,bundle,org.eclipse.mylyn.commons.ui,3.4.0.v20100608-0100-e3x,"org.eclipse.mylyn.commons.ui",1286584535985
started,bundle,org.eclipse.mylyn.context.core,3.4.0.v20100608-0100-e3x,"org.eclipse.mylyn.context.core",1286584536004
started,bundle,org.eclipse.mylyn.context.ui,3.4.0.v20100730-0100-e3x,"org.eclipse.mylyn.context.ui",1286584536034
started,bundle,org.eclipse.mylyn.monitor.ui,3.4.0.v20100608-0100-e3x,"org.eclipse.mylyn.monitor.ui",1286584536036
started,bundle,org.eclipse.mylyn.tasks.ui,3.4.1.v20100730-0100-e3x,"org.eclipse.mylyn.tasks.ui",1286584536074
started,bundle,org.eclipse.mylyn.team.ui,3.4.0.v20100608-0100-e3x,"org.eclipse.mylyn.team.ui",1286584536083
started,bundle,org.eclipse.wst.common.modulecore,1.1.301.v201001252130,"org.eclipse.wst.common.modulecore",1286584536129
started,bundle,org.eclipse.wst.common.project.facet.core,1.4.1.v200911141735,"org.eclipse.wst.common.project.facet.core",1286584536129
started,bundle,org.eclipse.wst.jsdt.core,1.0.201.v2010012803,"org.eclipse.wst.jsdt.core",1286584536171
started,bundle,org.eclipse.wst.jsdt.ui,1.0.201.v2010012803,"org.eclipse.wst.jsdt.ui",1286584536171
started,bundle,org.eclipse.wst.sse.core,1.1.402.v201001251516,"org.eclipse.wst.sse.core",1286584536214
started,bundle,org.eclipse.wst.validation,1.2.104.v200911120201,"org.eclipse.wst.validation",1286584536234
started,bundle,org.eclipse.wst.web,1.1.301.v200911302230,"org.eclipse.wst.web",1286584536264
started,bundle,org.eclipse.wst.xml.core,1.1.402.v201001222130,"org.eclipse.wst.xml.core",1286584536296
started,bundle,org.tigris.subversion.subclipse.core,1.2.4,"org.tigris.subversion.subclipse.core",1286584536296
started,bundle,org.tigris.subversion.subclipse.ui,1.2.4,"org.tigris.subversion.subclipse.ui",1286584536316
started,bundle,org.eclipse.cdt.core,5.1.2.201002161416,"org.eclipse.cdt.core",1286584536345
started,bundle,org.eclipse.cdt.make.ui,6.0.1.201002161416,"org.eclipse.cdt.make.ui",1286584536404
started,bundle,org.eclipse.cdt.ui,5.1.2.201002161416,"org.eclipse.cdt.ui",1286584536426
started,bundle,org.eclipse.mylyn.trac.core,3.4.1.v20100709-0100-e3x,"org.eclipse.mylyn.trac.core",1286584536446
started,bundle,org.eclipse.mylyn.trac.ui,3.4.0.v20100706-0100-e3x,"org.eclipse.mylyn.trac.ui",1286584536473
started,bundle,org.maven.ide.eclipse,0.10.2.20100623-1649,"org.maven.ide.eclipse",1286584536473
started,bundle,org.maven.ide.eclipse.maven_model_edit,0.10.2.20100623-1649,"org.maven.ide.eclipse.maven_model_edit",1286584536491
os,sysinfo,,,"win32",1286584536497
arch,sysinfo,,,"x86",1286584536497
ws,sysinfo,,,"win32",1286584536497
locale,sysinfo,,,"en_GB",1286584536497
processors,sysinfo,,,"2",1286584536497
java.runtime.name,sysinfo,,,"Java(TM) SE Runtime Environment",1286584536497
java.runtime.version,sysinfo,,,"1.6.0_21-b07",1286584536497
java.specification.name,sysinfo,,,"Java Platform API Specification",1286584536497
java.specification.vendor,sysinfo,,,"Sun Microsystems Inc.",1286584536497
java.specification.version,sysinfo,,,"1.6",1286584536497
java.vendor,sysinfo,,,"Sun Microsystems Inc.",1286584536497
java.version,sysinfo,,,"1.6.0_21",1286584536497
java.vm.info,sysinfo,,,"mixed mode",1286584536497
java.vm.name,sysinfo,,,"Java HotSpot(TM) Client VM",1286584536497
java.vm.specification.name,sysinfo,,,"Java Virtual Machine Specification",1286584536497
java.vm.specification.vendor,sysinfo,,,"Sun Microsystems Inc.",1286584536497
java.vm.specification.version,sysinfo,,,"1.0",1286584536497
java.vm.vendor,sysinfo,,,"Sun Microsystems Inc.",1286584536497
java.vm.version,sysinfo,,,"17.0-b17",1286584536497
started,bundle,org.tigris.subversion.subclipse.mylyn,2.0.0,"org.tigris.subversion.subclipse.mylyn",1286584536925
started,bundle,org.eclipse.jsch.core,1.1.100.I20090430-0408,"org.eclipse.jsch.core",1286584537688
started,bundle,org.eclipse.team.cvs.core,3.3.200.I20090430-0408,"org.eclipse.team.cvs.core",1286584537710
started,bundle,org.eclipse.team.cvs.ui,3.3.202.r35x_20090930-0800,"org.eclipse.team.cvs.ui",1286584537988
deactivated,workbench,org.eclipse.ui.workbench,3.5.1.M20090826-0800a,"",1286584540444
activated,workbench,org.eclipse.ui.workbench,3.5.1.M20090826-0800a,"",1286584543744
closed,workbench,org.eclipse.ui.workbench,3.5.1.M20090826-0800a,"",1286584543969
stopped,bundle,org.eclipse.compare.win32,1.0.0.I20090430-0408,"org.eclipse.compare.win32",1286584546570
stopped,bundle,org.eclipse.mylyn.pde.ui,3.4.0.v20100608-0100-e3x,"org.eclipse.mylyn.pde.ui",1286584546594
stopped,bundle,org.eclipse.pde.api.tools.ui,1.0.101.v20090820,"org.eclipse.pde.api.tools.ui",1286584546655
stopped,bundle,org.eclipse.datatools.enablement.sybase.asa.schemaobjecteditor.examples,2.5.0.200810071,"org.eclipse.datatools.enablement.sybase.asa.schemaobjecteditor.examples",1286584546794
stopped,bundle,org.eclipse.datatools.sqltools.debugger.core.ui,1.0.0.v200906022302,"org.eclipse.datatools.sqltools.debugger.core.ui",1286584546805
stopped,bundle,org.eclipse.jst.j2ee.xdoclet.runtime,1.1.102.v200805140135,"org.eclipse.jst.j2ee.xdoclet.runtime",1286584546821
stopped,bundle,org.eclipse.jst.j2ee.ejb.annotations.xdoclet,1.2.0.v200805140020,"org.eclipse.jst.j2ee.ejb.annotations.xdoclet",1286584546860
stopped,bundle,org.eclipse.jst.server.generic.jboss,1.6.1.v200904151730,"org.eclipse.jst.server.generic.jboss",1286584547206
stopped,bundle,org.eclipse.jst.server.generic.jonas,1.5.205.v200805140145,"org.eclipse.jst.server.generic.jonas",1286584547213
stopped,bundle,org.eclipse.jst.server.generic.oc4j,1.5.206.v20090812,"org.eclipse.jst.server.generic.oc4j",1286584547451
stopped,bundle,org.eclipse.jst.server.websphere.core,1.0.302.v20080620,"org.eclipse.jst.server.websphere.core",1286584547626
stopped,bundle,org.eclipse.jst.server.generic.ui,1.0.405.v200905022002,"org.eclipse.jst.server.generic.ui",1286584548036
stopped,bundle,org.eclipse.jst.server.preview.adapter,1.1.0.v20090311b,"org.eclipse.jst.server.preview.adapter",1286584548117
stopped,bundle,org.eclipse.jst.server.tomcat.ui,1.1.102.v20090424,"org.eclipse.jst.server.tomcat.ui",1286584548225
activated,perspective,org.eclipse.jst.j2ee.ui,,"org.eclipse.jst.j2ee.J2EEPerspective",1361700224431
started,bundle,org.eclipse.osgi,3.5.1.R35x_v20090827,"org.eclipse.osgi",1361700224432
started,bundle,org.eclipse.equinox.simpleconfigurator,1.0.101.R35x_v20090807-1100,"org.eclipse.equinox.simpleconfigurator",1361700224434
started,bundle,com.ibm.icu,4.0.1.v20090822,"com.ibm.icu",1361700224435
started,bundle,org.eclipse.compare,3.5.0.I20090514-0808,"org.eclipse.compare",1361700224439
started,bundle,org.eclipse.core.contenttype,3.4.1.R35x_v20090826-0451,"org.eclipse.core.contenttype",1361700224441
started,bundle,org.eclipse.core.databinding.observable,1.2.0.M20090902-0800,"org.eclipse.core.databinding.observable",1361700224443
started,bundle,org.eclipse.core.expressions,3.4.100.v20090429-1800,"org.eclipse.core.expressions",1361700224445
started,bundle,org.eclipse.core.filebuffers,3.5.0.v20090526-2000,"org.eclipse.core.filebuffers",1361700224446
started,bundle,org.eclipse.core.filesystem,1.2.0.v20090507,"org.eclipse.core.filesystem",1361700224449
started,bundle,org.eclipse.core.jobs,3.4.100.v20090429-1800,"org.eclipse.core.jobs",1361700224495
started,bundle,org.eclipse.core.net,1.2.1.r35x_20090812-1200,"org.eclipse.core.net",1361700224496
started,bundle,org.eclipse.core.resources,3.5.1.R35x_v20090826-0451,"org.eclipse.core.resources",1361700224499
started,bundle,org.eclipse.core.runtime,3.5.0.v20090525,"org.eclipse.core.runtime",1361700224547
started,bundle,org.eclipse.core.runtime.compatibility,3.2.0.v20090413,"org.eclipse.core.runtime.compatibility",1361700224600
started,bundle,org.eclipse.core.runtime.compatibility.auth,3.2.100.v20090413,"org.eclipse.core.runtime.compatibility.auth",1361700224622
started,bundle,org.eclipse.ecf,3.0.0.v20090831-1906,"org.eclipse.ecf",1361700224625
started,bundle,org.eclipse.ecf.filetransfer,3.0.0.v20090831-1906,"org.eclipse.ecf.filetransfer",1361700224626
started,bundle,org.eclipse.ecf.identity,3.0.0.v20090831-1906,"org.eclipse.ecf.identity",1361700224629
started,bundle,org.eclipse.ecf.provider.filetransfer,3.0.1.v20090831-1906,"org.eclipse.ecf.provider.filetransfer",1361700224632
started,bundle,org.eclipse.ecf.provider.filetransfer.httpclient,3.0.1.v20090831-1906,"org.eclipse.ecf.provider.filetransfer.httpclient",1361700224635
started,bundle,org.eclipse.emf.common,2.5.0.v200906151043,"org.eclipse.emf.common",1361700224635
started,bundle,org.eclipse.emf.common.ui,2.5.0.v200906151043,"org.eclipse.emf.common.ui",1361700224635
started,bundle,org.eclipse.emf.ecore,2.5.0.v200906151043,"org.eclipse.emf.ecore",1361700224635
started,bundle,org.eclipse.emf.ecore.xmi,2.5.0.v200906151043,"org.eclipse.emf.ecore.xmi",1361700224638
started,bundle,org.eclipse.emf.edit,2.5.0.v200906151043,"org.eclipse.emf.edit",1361700224638
started,bundle,org.eclipse.emf.edit.ui,2.5.0.v200906151043,"org.eclipse.emf.edit.ui",1361700224638
started,bundle,org.eclipse.equinox.app,1.2.0.v20090520-1800,"org.eclipse.equinox.app",1361700224639
started,bundle,org.eclipse.equinox.common,3.5.1.R35x_v20090807-1100,"org.eclipse.equinox.common",1361700224640
started,bundle,org.eclipse.equinox.ds,1.1.1.R35x_v20090806,"org.eclipse.equinox.ds",1361700224642
started,bundle,org.eclipse.equinox.frameworkadmin,1.0.100.v20090520-1905,"org.eclipse.equinox.frameworkadmin",1361700224644
started,bundle,org.eclipse.equinox.frameworkadmin.equinox,1.0.100.v20090520-1905,"org.eclipse.equinox.frameworkadmin.equinox",1361700224645
started,bundle,org.eclipse.equinox.p2.core,1.0.101.R35x_v20090819,"org.eclipse.equinox.p2.core",1361700224646
started,bundle,org.eclipse.equinox.p2.director,1.0.100.v20090520-1905,"org.eclipse.equinox.p2.director",1361700224648
started,bundle,org.eclipse.equinox.p2.directorywatcher,1.0.100.v20090525,"org.eclipse.equinox.p2.directorywatcher",1361700224651
started,bundle,org.eclipse.equinox.p2.engine,1.0.101.R35x_v20090825,"org.eclipse.equinox.p2.engine",1361700224653
started,bundle,org.eclipse.equinox.p2.exemplarysetup,1.0.100.v20090520-1905,"org.eclipse.equinox.p2.exemplarysetup",1361700224654
started,bundle,org.eclipse.equinox.p2.garbagecollector,1.0.100.v20090520-1905,"org.eclipse.equinox.p2.garbagecollector",1361700224655
started,bundle,org.eclipse.equinox.p2.metadata.repository,1.0.101.R35x_v20090812,"org.eclipse.equinox.p2.metadata.repository",1361700224657
started,bundle,org.eclipse.equinox.p2.reconciler.dropins,1.0.100.v20090520-1905,"org.eclipse.equinox.p2.reconciler.dropins",1361700224659
started,bundle,org.eclipse.equinox.p2.repository,1.0.1.v20090901-1041,"org.eclipse.equinox.p2.repository",1361700224661
started,bundle,org.eclipse.equinox.p2.ui.sdk.scheduler,1.0.0.v20090520-1905,"org.eclipse.equinox.p2.ui.sdk.scheduler",1361700224664
started,bundle,org.eclipse.equinox.p2.updatechecker,1.1.0.v20090520-1905,"org.eclipse.equinox.p2.updatechecker",1361700224668
started,bundle,org.eclipse.equinox.preferences,3.2.300.v20090520-1800,"org.eclipse.equinox.preferences",1361700224671
started,bundle,org.eclipse.equinox.registry,3.4.100.v20090520-1800,"org.eclipse.equinox.registry",1361700224673
started,bundle,org.eclipse.equinox.security,1.0.100.v20090520-1800,"org.eclipse.equinox.security",1361700224711
started,bundle,org.eclipse.equinox.simpleconfigurator.manipulator,1.0.100.v20090520-1905,"org.eclipse.equinox.simpleconfigurator.manipulator",1361700224714
started,bundle,org.eclipse.equinox.util,1.0.100.v20090520-1800,"org.eclipse.equinox.util",1361700224718
started,bundle,org.eclipse.help,3.4.1.v20090805_35x,"org.eclipse.help",1361700224720
started,bundle,org.eclipse.jdt.core.manipulation,1.3.0.v20090603,"org.eclipse.jdt.core.manipulation",1361700224723
started,bundle,org.eclipse.jface,3.5.1.M20090826-0800,"org.eclipse.jface",1361700224724
started,bundle,org.eclipse.jst.j2ee.webservice,1.1.300.v200901220600,"org.eclipse.jst.j2ee.webservice",1361700224747
started,bundle,org.eclipse.jst.j2ee.webservice.ui,1.1.300.v200902052230,"org.eclipse.jst.j2ee.webservice.ui",1361700224749
started,bundle,org.eclipse.ltk.core.refactoring,3.5.0.v20090513-2000,"org.eclipse.ltk.core.refactoring",1361700224751
started,bundle,org.eclipse.team.core,3.5.0.I20090527-0620,"org.eclipse.team.core",1361700224752
started,bundle,org.eclipse.team.ui,3.5.0.I20090430-0408,"org.eclipse.team.ui",1361700224753
started,bundle,org.eclipse.ui,3.5.1.M20090902-1000,"org.eclipse.ui",1361700224755
started,bundle,org.eclipse.ui.console,3.4.0.v20090513,"org.eclipse.ui.console",1361700224757
started,bundle,org.eclipse.ui.editors,3.5.0.v20090527-2000,"org.eclipse.ui.editors",1361700224760
started,bundle,org.eclipse.ui.forms,3.4.1.v20090714_35x,"org.eclipse.ui.forms",1361700224761
started,bundle,org.eclipse.ui.ide,3.5.1.M20090826-0800,"org.eclipse.ui.ide",1361700224772
started,bundle,org.eclipse.ui.intro,3.3.1.v20090805_35x,"org.eclipse.ui.intro",1361700224774
started,bundle,org.eclipse.ui.navigator,3.4.1.M20090911-1550,"org.eclipse.ui.navigator",1361700224775
started,bundle,org.eclipse.ui.navigator.resources,3.4.1.M20090826-0800,"org.eclipse.ui.navigator.resources",1361700224776
started,bundle,org.eclipse.ui.net,1.2.1.r35x_20090812-1200,"org.eclipse.ui.net",1361700224777
started,bundle,org.eclipse.ui.views,3.4.1.M20090826-0800,"org.eclipse.ui.views",1361700224779
started,bundle,org.eclipse.ui.workbench,3.5.1.M20090826-0800a,"org.eclipse.ui.workbench",1361700224781
started,bundle,org.eclipse.ui.workbench.texteditor,3.5.0.v20090603,"org.eclipse.ui.workbench.texteditor",1361700224784
started,bundle,org.eclipse.update.configurator,3.3.0.v20090312,"org.eclipse.update.configurator",1361700224785
started,bundle,org.eclipse.update.core,3.2.300.v20090525,"org.eclipse.update.core",1361700224818
started,bundle,org.eclipse.update.scheduler,3.2.200.v20081127,"org.eclipse.update.scheduler",1361700224820
started,bundle,org.eclipse.wst.common.emf,1.1.301.v200908181930,"org.eclipse.wst.common.emf",1361700224822
started,bundle,org.eclipse.wst.common.emfworkbench.integration,1.1.301.v200908101600,"org.eclipse.wst.common.emfworkbench.integration",1361700224824
started,bundle,org.eclipse.wst.common.frameworks,1.1.300.v200904160730,"org.eclipse.wst.common.frameworks",1361700224828
started,bundle,org.eclipse.wst.jsdt.manipulation,1.0.100.v200809240707,"org.eclipse.wst.jsdt.manipulation",1361700224832
started,bundle,org.eclipse.wst.ws.service.policy.ui,1.0.102.v200903070248,"org.eclipse.wst.ws.service.policy.ui",1361700224833
started,bundle,org.eclipse.epp.usagedata.gathering,1.1.1.R201001291118,"org.eclipse.epp.usagedata.gathering",1361700224835
started,bundle,org.eclipse.epp.usagedata.recording,1.1.1.R201001291118,"org.eclipse.epp.usagedata.recording",1361700224837
started,bundle,org.eclipse.jdt.core,3.5.2.v_981_R35x,"org.eclipse.jdt.core",1361700224839
started,bundle,org.eclipse.jdt.ui,3.5.2.r352_v20100106-0800,"org.eclipse.jdt.ui",1361700224858
started,bundle,org.eclipse.jem.util,2.0.201.v201001252130,"org.eclipse.jem.util",1361700224859
started,bundle,org.eclipse.jst.jsf.common,1.1.9.v201001271707,"org.eclipse.jst.jsf.common",1361700224883
started,bundle,org.eclipse.jst.jsf.core,1.2.5.v201001271707,"org.eclipse.jst.jsf.core",1361700224908
started,bundle,org.eclipse.mylyn.bugzilla.core,3.4.0.v20100730-0100-e3x,"org.eclipse.mylyn.bugzilla.core",1361700224909
started,bundle,org.eclipse.mylyn.bugzilla.ui,3.4.0.v20100730-0100-e3x,"org.eclipse.mylyn.bugzilla.ui",1361700224910
started,bundle,org.eclipse.mylyn.commons.net,3.4.1.v20100625-2100-e3x,"org.eclipse.mylyn.commons.net",1361700224911
started,bundle,org.eclipse.mylyn.commons.ui,3.4.0.v20100608-0100-e3x,"org.eclipse.mylyn.commons.ui",1361700224912
started,bundle,org.eclipse.mylyn.monitor.ui,3.4.0.v20100608-0100-e3x,"org.eclipse.mylyn.monitor.ui",1361700224913
started,bundle,org.eclipse.wst.common.project.facet.core,1.4.1.v200911141735,"org.eclipse.wst.common.project.facet.core",1361700224913
started,bundle,org.eclipse.wst.jsdt.core,1.0.201.v2010012803,"org.eclipse.wst.jsdt.core",1361700224917
started,bundle,org.eclipse.wst.jsdt.ui,1.0.201.v2010012803,"org.eclipse.wst.jsdt.ui",1361700224917
started,bundle,org.eclipse.wst.web,1.1.301.v200911302230,"org.eclipse.wst.web",1361700224919
started,bundle,org.tigris.subversion.subclipse.core,1.2.4,"org.tigris.subversion.subclipse.core",1361700224919
started,bundle,org.tigris.subversion.subclipse.ui,1.2.4,"org.tigris.subversion.subclipse.ui",1361700224937
started,bundle,org.eclipse.cdt.core,5.1.2.201002161416,"org.eclipse.cdt.core",1361700224959
started,bundle,org.eclipse.cdt.make.ui,6.0.1.201002161416,"org.eclipse.cdt.make.ui",1361700224960
started,bundle,org.eclipse.cdt.ui,5.1.2.201002161416,"org.eclipse.cdt.ui",1361700224979
started,bundle,org.eclipse.mylyn.trac.core,3.4.1.v20100709-0100-e3x,"org.eclipse.mylyn.trac.core",1361700224980
started,bundle,org.eclipse.mylyn.trac.ui,3.4.0.v20100706-0100-e3x,"org.eclipse.mylyn.trac.ui",1361700224983
os,sysinfo,,,"win32",1361700224991
